code_client,code_fournisseur,nom,alias,type_tiers,client,fournisseur,forme_juridique,adresse,code_postal,ville,pays,telephone,email,site_web,siren,siret,tva_intra,capital,statut,note
,SU0001,Normandie Informatique Distribution,Normandie,Fournisseur,0,1,SAS,17 zone industrielle des Docks,14100,Lisieux,FR,02 61 91 71 28,contact@normandieinformatiqu.example.com,https://www.normandieinformatiqu.example.com,403923857,40392385724789,FR53403923857,100000,1,Donnee fictive - SAE51
,SU0002,Papeterie Industrielle du Nord,Papeterie,Fournisseur,0,1,SA,19 chemin des Fontaines,50000,Saint-Lo,FR,02 61 91 66 20,contact@papeterieindustriell.example.com,https://www.papeterieindustriell.example.com,767346919,76734691911369,FR06767346919,5000,1,Donnee fictive - SAE51
,SU0003,Telecom Pro Services,Telecom,Fournisseur,0,1,SAS,83 rue des Tisserands,50100,Cherbourg-en-Cotentin,FR,02 61 91 79 21,contact@telecomproservices.example.com,https://www.telecomproservices.example.com,332480466,33248046693475,FR13332480466,20000,1,Donnee fictive - SAE51
,SU0004,Energie Verte Normande,Energie,Fournisseur,0,1,SA,13 rue Victor Hugo,14100,Lisieux,FR,02 61 91 17 78,contact@energievertenormande.example.com,https://www.energievertenormande.example.com,397260241,39726024181724,FR32397260241,100000,1,Donnee fictive - SAE51
,SU0005,Mobilier de Bureau Seine,Mobilier,Fournisseur,0,1,SARL,13 rue du Port,76600,Le Havre,FR,02 61 91 60 54,contact@mobilierdebureausein.example.com,https://www.mobilierdebureausein.example.com,622348290,62234829058544,FR37622348290,20000,1,Donnee fictive - SAE51
,SU0006,Logistique Express 76,Logistique,Fournisseur,0,1,SAS,92 avenue des Canadiens,76400,Fecamp,FR,02 61 91 52 74,contact@logistiqueexpress76.example.com,https://www.logistiqueexpress76.example.com,708510664,70851066471211,FR07708510664,100000,1,Donnee fictive - SAE51
,SU0007,Cartouches & Toners Discount,Cartouches,Fournisseur,0,1,SARL,31 rue des Tisserands,76200,Dieppe,FR,02 61 91 15 85,contact@cartouchestonersdisc.example.com,https://www.cartouchestonersdisc.example.com,557942745,55794274539743,FR30557942745,20000,1,Donnee fictive - SAE51
,SU0008,Assurances Mutuelle Normande,Assurances,Fournisseur,0,1,SA,57 quai de la Bourse,50000,Saint-Lo,FR,02 61 91 91 45,contact@assurancesmutuelleno.example.com,https://www.assurancesmutuelleno.example.com,772977294,77297729475699,FR36772977294,20000,1,Donnee fictive - SAE51
,SU0009,Securite Incendie Atlantique,Securite,Fournisseur,0,1,SAS,13 rue des Tisserands,76300,Sotteville-les-Rouen,FR,02 61 91 52 43,contact@securiteincendieatla.example.com,https://www.securiteincendieatla.example.com,542312830,54231283032650,FR85542312830,1000,1,Donnee fictive - SAE51
,SU0010,Nettoyage Industriel Propre,Nettoyage,Fournisseur,0,1,SARL,71 rue Jean Jaures,76400,Fecamp,FR,02 61 91 96 22,contact@nettoyageindustrielp.example.com,https://www.nettoyageindustrielp.example.com,856488259,85648825950615,FR70856488259,5000,1,Donnee fictive - SAE51
,SU0011,Hebergement Cloud Hexagone,Hebergement,Fournisseur,0,1,SAS,3 rue de la Republique,76210,Bolbec,FR,02 61 91 66 92,contact@hebergementcloudhexa.example.com,https://www.hebergementcloudhexa.example.com,400289971,40028997185551,FR31400289971,5000,1,Donnee fictive - SAE51
,SU0012,Fournitures Atelier Pierron,Fournitures,Fournisseur,0,1,SARL,1 avenue de Bretagne,76400,Fecamp,FR,02 61 91 35 48,contact@fournituresatelierpi.example.com,https://www.fournituresatelierpi.example.com,607764461,60776446198758,FR12607764461,50000,1,Donnee fictive - SAE51
,SU0013,Emballages Cotentin,Emballages,Fournisseur,0,1,SAS,74 avenue des Canadiens,76000,Rouen,FR,02 61 91 32 77,contact@emballagescotentin.example.com,https://www.emballagescotentin.example.com,608373163,60837316339946,FR93608373163,50000,1,Donnee fictive - SAE51
,SU0014,Cafe & Vending Normandie,Cafe,Fournisseur,0,1,SARL,25 rue du Gros Horloge,27400,Louviers,FR,02 61 91 31 55,contact@cafevendingnormandie.example.com,https://www.cafevendingnormandie.example.com,692768021,69276802189716,FR20692768021,1000,1,Donnee fictive - SAE51
,SU0015,Maintenance Reseaux Duchesne,Maintenance,Fournisseur,0,1,SASU,20 rue Victor Hugo,76500,Elbeuf,FR,02 61 91 54 43,contact@maintenancereseauxdu.example.com,https://www.maintenancereseauxdu.example.com,656780111,65678011185241,FR06656780111,20000,1,Donnee fictive - SAE51
